tweet_id,sentiment,text
105121481662542000,negative,I forgot how sad the first episode of the 5th season of Dexter is. #depressing #dexter #darkpassenger
104319460143415000,negative,Oct. 2 is almost too far away for me to wait for the return of #Dexter!
1.03641916587e+17,neutral,"(OFF TOPIC) - there is only 3 episodes on the first disk of #Dexter. Please hurry, [someone] with the 2nd #fitblog"
100544750414864000,neutral,"[someone] is finally catching up to me with #Dexter. I'm only up to season 4, but he has almost finished season 2 today @ home, ill."
102220476499243000,neutral,"I downloaded the first season of #Dexter, gonna start watching the 2nd episode. Time to tweet #twittwit ^^"
101769300683141000,neutral,Let's see if I can wrap up season three of #Dexter tonight: only 1 more episode to go till the season finale. Roll on series four please!
100395522971546000,neutral,Don't get caught  #Dexter
103277622636716000,positive,"#3words ""Tonight's the night"" #dexter [someone]"
106222697310208000,positive,"#ICanHonestlySay #Dexter is such a good show, I may order Showtime just because of it."
104653618153669000,positive,[someone] [someone] Don't feel obliged to discuss #Dexter tonight. Living it large in Brighton so please use direct messages....
102976668825698000,positive,"[someone] Make sure you & the girls watch seasons 1-5 of #Dexter, before season 6 premieres Oct 2.  Seasons 1 & 4 are the best!"
105076027692302000,positive,Addicted to #Dexter... what's new. Almost done with season 5 and I just got it on Thursday!
103748679004987000,positive,Barely going to sleep after watching #dexter all evening! I love this show!
103535459300413000,positive,"Beer and chicken night! Watching #Dexter till the working hours (11.59pm - 8 am) Maybe we should reserve the nickname ""dexter""? Might be fun"
100018263337079000,positive,Enjoying a night of #Dexter with [someone] :)
107551816442585000,positive,"Finally starting the 5th season of #Dexter.  See ya later, weekend!"
107641819298406000,positive,Fuck everyone else #dexter is my friend tonight. Bring it season 4
103610752316871000,positive,The complete 5th season of #Dexter is available on DVD today! Or you could just watch it On Demand..
107355493328101000,positive,"Yeah boiii #entourage tonight, so pissed that there's only 3 epsdes until it ends. Oh well on the up side #dexter season 6 starts soon...ish"
263484862076420000,neutral,[someone] I'm going Tuesday to the house of blues to see A$AP Rocky
263160058911789000,neutral,"I have a real dilemma here, so tomorrow is the A$AP Rocky concert in phoenix but I got called back to start working tomorrow at Bianchi's"
264029423173521000,neutral,Whoever's going to A$AP Rocky wit me on the 8th better buy their tickets like today. I think imma get mine soon
263150115269780000,neutral,"""[someone]: Who wants to go to a A$AP Rocky concert with me on the 14th or 15th ?!?!?"" you don't have a choice on who you taking we going!"
263340308211851000,positive,"[someone] I see you're in Dallas & a fan of A$AP Rocky, email us (att[someone].com) for a great oppo to attend show at HOB on Fri!"
264106557392974000,positive,[someone] is coming up this weekend!! We're super excited! Playing the Blue Stage on Sat night right before A$AP Rocky!
263048213001536000,positive,AHHH! My mom said yes for me to go the A$AP Rocky concert!! Nov 8th we out! #EXCITED
263150010542203000,positive,It looks like my brother is going to see A$AP Rocky tomorrow sigh his life needs to stop being significantly better than mine
263069843765469000,positive,May I ask what's so cool about A$ap Rocky?
264082200927031000,positive,Oooh yha and the DMC and A$AP ROCKY one is 2-4th
105709609825747000,negative,Merril Hoge is stupid. I'm sick of hearing what Tebow can't do. He may not be a #1 right now but it took Aaron Rodgers 3 yrs to start
102554002209784000,negative,Is it possible for Aaron Rodgers to suffer a career ending injury tonight? Just curious.
100047175236583000,neutral,"Aaron Rodgers jersey battery room, under the windmill. Wagnoli - 4 August 2011 - Blog - designer wedding dresses sale,"
100000950005146000,neutral,"And on the very first play of the night, Aaron Rodgers is INT'd by UDFA CB Brandian Ross, who returns it for a pick-six touchdown."
104742390924972000,neutral,Da way aaron rodgers lookin greenbay may take it again
100756040320160000,neutral,"For those just tuning in, #Chargers have linked those two games as pkg. To see Aaron Rodgers Nov 6, you gotta buy tix ..."
100726593525268000,neutral,"finished qbs. if the draft were today and i got to pick first every time, i'd take Arian Foster, Roddy White, Jason Witten, n Aaron Rodgers"
106260169549283000,positive,[someone] Sensationalism at its finest. Next thing you know we'll be hearing that Graham Harrell may take Aaron Rodgers' spot. SMH.
102948594402857000,positive,Aaron Rodgers may be the best QB in the NFL and he is still improving -yahoo sports! Nigga fuck with my teamm
101076499108598000,positive,"Aaron Rodgers totally did the A.I. ""practice?"" routine for the media today. It must be good to be a champion #Packers"
101134998102487000,positive,"All you need is Ryan Leaf and you got a show. Aaron Rodgers, Kurt Warner and Kyle Kendrick are all in The Jungle tomorrow."
102525039630483000,positive,Browns force Aaron Rodgers and the Packers to go 3&Out on 1st possession. Browns are better than the Steelers at one thing at least.
102115800701338000,positive,I saw a photo of Aaron Rodgers with some awesome scruff going on today. Did I mention he was at the White House today? IZ COOL.
106146612077793000,positive,"So far I have drafted Aaron Rodgers at #9 overall, and then at #16 in the 2nd round, Matt Forte. Not bad."
104320830338642000,positive,"The score may have been 38-26, but Aaron Rodgers kept right up statistically with Favre. Damn. #skolvikings"
102419013056999000,positive,today is the day we have been waiting for all summer: the day we see aaron rodgers on the field again. so excited. #packers
262572871996543000,neutral,Kainis! Bukas na pala first day ng Secret Love (Sungkyunkwan Scandal) sa ABS-CBN. Eh may pasok kami bukas. Diaje naman oh!
262488876524921000,neutral,"Mark the dates: Miss Earth 2012 coronation night Nov 24, Sat, LIVE on Starworld, 8PM. Free-TV broadcast on Sun, Nov 25, 10AM on ABS-CBN."
263890098721026000,neutral,"Taking a nap, by 6 or 7 pm I'm going to ABS-CBN.  5am flight tomorrow, #hasslepare!"
263450462806766000,neutral,We saw [someone] with [someone] last October 29 at ABS-CBN hallway.
263092466788487000,neutral,sungkyunkwan scandal on ABS-CBN.. i just finished the series yesterday..:))))) i may sound like a spoiler now <evil laugh>
263841569164128000,positive,[someone] wow! Thank you TANDUAY may replay ang #TanduayRockfest sa ABS-CBN. you're the best [someone]. ROCK ON PILIPINAS!
262389438074729000,positive,"At noon today, you'll know why #YouCount tune in to ABS-CBN to see the 1st #TVC of the Biggest & d' Brightest #BPO Employer in PH #CONVERGYS"
261387578010370000,positive,Everyone please watch ASAP on  ABS-CBN this Sunday to see the beautiful [someone] :D
262064776883085000,positive,"NOVEMBER SUPER TOUR: Nov 10-11: Rockwell Ten; Nov 9, 16, 23: ABS-CBN Friday Market. Meet Super Tuyo and Friends! See you! :-)"
262851655312228000,positive,thank you ABS-CBN and BCWMH for the fantastic episode today. Tomorrow again. I can't wait to...
264250857401504000,neutral,ARRIVAL of ship: ARABIAN TAHR Port: ABU DHABI Time: Nov 2 2012 6:11AM (UTC) (Time of arrival/departure is the time the vessel app...
264244081046200000,neutral,ARRIVAL of ship: MATAF PRIDE Port: ABU DHABI Time: Nov 2 2012 5:44AM (UTC) (Time of arrival/departure is the time the vessel appr...
264254250736046000,neutral,ARRIVAL of ship: NMS 202 Port: ABU DHABI Time: Nov 2 2012 6:21AM (UTC) (Time of arrival/departure is the time the vessel approach...
264074811251253000,neutral,ARRIVAL of ship: SHAM Port: ABU DHABI Time: Nov 1 2012 6:27PM (UTC) (Time of arrival/departure is the time the vessel approaches ...
264206129767277000,neutral,DEPARTURE of ship: AL DHAFRAH Port: ABU DHABI Time: Nov 2 2012 3:09AM (UTC) (Time of arrival/departure is the time the vessel app...
264228902195589000,neutral,DEPARTURE of ship: AMS 111 Port: ABU DHABI Time: Nov 2 2012 4:47AM (UTC) (Time of arrival/departure is the time the vessel approa...
264258285136409000,neutral,DEPARTURE of ship: ARABIAN ORYX Port: ABU DHABI Time: Nov 2 2012 6:41AM (UTC) (Time of arrival/departure is the time the vessel a...
264228911230112000,neutral,DEPARTURE of ship: JUMBO SPIRIT Port: ABU DHABI Time: Nov 2 2012 4:49AM (UTC) (Time of arrival/departure is the time the vessel a...
264217895452672000,neutral,DEPARTURE of ship: SHAM Port: ABU DHABI Time: Nov 2 2012 4:09AM (UTC) (Time of arrival/departure is the time the vessel approache...
2.64232597973e+17,neutral,DEPARTURE of ship: STANFORD PROVIDER Port: ABU DHABI Time: Nov 2 2012 5:03AM (UTC) (Time of arrival/departure is the time the ves...
262084640368624000,negative,"[someone] We may not win Academy Awards, but we will be the freaking People's Choice dammit!!!"
262985621721739000,neutral,"[someone] [someone] I'm just suggesting it for the sake of completeness, a la Polaris's May 31st deadline & Academy Awards' Dec. 31."
257178447825228000,neutral,"[someone] Have you seen Lawless? If Guy Pearce doesn't get an Oscar nomination for that, I may possibly give up on the Academy Awards.."
255379961223975000,neutral,"Actors have the Academy Awards, Recording Artists have the Grammys, and now..DJ's have the GSA's!! - NOMINEES ANNOUNCED TOMORROW 10/9"
253047415844782000,neutral,Seth McFarlane set to host the 85th Academy Awards in February. What do you think of that choice?
262981809053266000,neutral,"The 1st Academy Awards ceremony, presented by the Academy of Motion Picture Arts and Sciences (AMPAS), honored..."
258221308767257000,neutral,The Clown has broken the record and become the 1st film to win 12 Brazilian Academy Awards yesterday.
258963620975759000,neutral,"Today's answer: Stone has received 3 Academy Awards for his work on the films Midnight Express, Platoon, and Born on the Fourth of July."
264173733625885000,neutral,Would your company like to #sponsor the 3rd annual PNC Bank #NonProfit Academy Awards?  See attached for details.
259133354803339000,positive,The 1st Black woman to ever host the Academy Awards was=>[someone]! I want to be like her! #BlackHistoryMoment
264124890725110000,negative,Fuck SAT! ACT is where it's at! :D
264185956305883000,negative,I don't want to take ACT tomorrow. ):
264094586689954000,negative,"Talking about ACT's && SAT's, deciding where I want to go to college, applying to colleges and everything about college stresses me out."
263890010942624000,negative,registering for my ACT's and SAT's at the last minute -____- I am so tired
264131501376041000,neutral,[someone] is addicted to ACT. She just took one on Saturday. And she just signed up for a third test.
264159409800872000,neutral,[someone] Oh iight I can dig it but how you going to act tomorrow night tho younging ?
263893912748425000,neutral,Also need to be at least accredated in ACT or REBT before the end of 4th yr.
264153529374097000,neutral,Finished signing up for the SAT and ACT
264093407897584000,neutral,oH MAN i thought the deadline for ACT was tomorrow I have until the 9th bless
263712379831992000,negative,[someone] nah I havnt knew about the Adidas deal! U like it? I'm undecided....   Where u watching game sat? I'm trying to get it off!
263875295503864000,neutral,[someone] cause my agent say those who wanna continue at Adidas go to the office on monday @ 2pm! no other days to go alr! ASK QUICK.
264075826377675000,neutral,[someone] yeaa im still lookin smh...may have to go to the adidas store. The asian dudes wear em 24/7.
263836398925271000,neutral,[someone] I think so ill bring it on Monday is it the Adidas
264164023858262000,neutral,Bring the Adidas sock tomorrow [someone]
263727703193186000,neutral,Got the job in the mall ..now time to get the job at  Adidas tomorrow
264124093958341000,neutral,i'll make my bid for the adidas predator tomorrow Godwilling...
263749640095146000,positive,"[someone] ....is [someone] going as that ""Upwards Kid"" that he played so well on Sunday night??!! ....with his prop/friend, ""Adidas""?"
264230608195187000,positive,Even though Nike is 10x better than Adidas I'm still going to the Adidas employee store tomorrow
264230311376863000,positive,Oh and P.S. big Adidas warehouse sale tomorrow if you're interested!
223577094762922000,neutral,[someone]: THE DONKEY SHOW OPENING TOMORROW at the ADRIENNE ARSHT CENTER [someone] GET YOUR TICKETS TODAY
257979710800273000,neutral,"Friday, October 19th - Talib Kweli: Idle Warship with Res at the Adrienne Arsht Center! "
258275049075769000,neutral,Hip Hop Fans! #TALIBKWELI - IDLE WARSHIP WITH #RES this Fri  @ Adrienne Arsht Center for the Performing Arts
205784097694556000,neutral,I got tomorrow off!! Woooop!! (@ Adrienne Arsht Center for the Performing Arts)
230787492394201000,neutral,Join us at The Donkey Show at Adrienne Arsht Center for the Performing Arts THIS Friday! SAVE $5 OFF tickets to...
255782672662671000,neutral,PHOTOS: Rock Of Ages kicks off the 7th Season at the Adrienne Arsht Center [someone]
227552643818598000,neutral,The Disco Balls are being polished...are you ready!?! This Thursday Night! Join us at the Adrienne Arsht Center...
222479870125539000,neutral,"This Thursday we have tickets to the special pre-screening event of ""The Donkey Show"" Adrienne Arsht Center for..."
259651417738981000,neutral,uploading random pics! Lol this is me last Sunday at a show at the Adrienne Arsht Center!
223819688239563000,positive,The Donkey Show - Friday the 13th is an exciting day for the Adrienne Arsht Center of the Performing Arts in...
248438899649700000,negative,3rd one dropped by Afghans. This is not how you put pressure.  #indvafg #wt20
255259343589610000,negative,[someone] Vandals in Oakland same as the night before in SF with Afghans grown in.
248713116181991000,negative,"Afghans protest against French cartoons, US film: Hundreds of Afghans on Thursday protested for the first time a..."
248788478475792000,negative,Rediff Live! Hundreds of Afghans on Thursday protested for the first time against cartoons of the prophet Mohamm...
249178391981474000,negative,"Wicket, its getting worse for the Afghans, they have slipped to 22-4 after Karim Sadiq (5) was run out by Jos Buttler in the 6th over."
248915569829614000,neutral,"Pakistan to talk counterterrorism with US, Afghans: Pakistan's foreign minister revealed Thursday that her country would soon hold co..."
253560294452896000,neutral,Taken 2 comes out Friday and the Afghans will have it Saturday guaranteed
258983566808076000,positive,[someone] Not in the Afghan halal meat shop but it may as well be with the amount of Afghans and halal meat in the house!!
263677355229315000,positive,"[someone] Yesterday? lol alotta Afghans had birthdays yesterday it isnt even January 1st, Happy Birthday :D"
257276155084804000,positive,Skyline Drive/ Shenandoah w the fambam tomorrow! Afghans at a park.. on a Sunday.. how unique lol
261901260087763000,neutral,6 people left in the world and one of them is bill Murray ...there's only 5 people .....who's the 6th???
261338179976696000,neutral,[someone] haha if it gets to serious you may wanna call the original ghost hunter... Bill Murray #ghostbusters
263438636350054000,neutral,"[someone] I'm thinking of an outfit like ""Nick the Lounge Singer"" (Bill Murray) from the old old Saturday Night Live. Maybe a sherbet tux?"
263283844860494000,neutral,"Bill Murray: Yeah, on Monday I am off to meet Infinity Ward about the next game, Modern Warfare 4, Im doing work on the sequel to MW3"
262384414623937000,neutral,C'mon Avila! You just got tagged out by a guy who looks like the kid Bill Murray was researching in The Royal Tenenbaums! #Tigers
263235196516700000,neutral,"Tom hanks and bill Murray may be the two people I would most like to meet. Well, them and Scarlett Johansen. Different reasons though..."
263917696557670000,neutral,"When ""columbus"" shoots Bill Murray in zombieland it may be one of the funniest things ever."
262283155715801000,positive,"[someone] Bruce Willis, Bill Murray and Ed Norton all in the same film. I may faint."
261557284549825000,positive,I may spend a lot of my free time riding on random elevators hoping for a chance encounter with Bill Murray...
261864089171685000,positive,Just cus it's Friday here are 62 reasons why Bill Murray is awesome
250396367221056000,neutral,[someone] Oct 17 it will be mostly dead but mostly dead is still a little bit alive!! (Billy Crystal the princess bride)
243913432015983000,neutral,"[someone] Your helicopter may be wicked, but your Billy Crystal is gonna be the"
253306921002607000,neutral,"[someone] is it just me or does ""Danny"" seem a lot like Billy Crystal in the first 1/3rd of When Harry Met Sally?"
257710438786150000,neutral,"[someone] [someone] ""See what I just did"" sound s like you saw Billy Crystal in Mr. Saturday Night. Yes?"
253417870481048000,neutral,Billy Crystal attends the special 25th Anniversary Screening of 'The Princess Bride' at the New York Festival
239603408317870000,neutral,Meg Ryan: They don't make Sunday underpants.  Billy Crystal: Why? MR: Because of God. BC: *blank stare* #whenharrymetsally
254246440627487000,neutral,We got tickets for the Late Show with David Letterman which will air tonight!  Look for us in the 3rd row.  Billy Crystal is the guest.
261256251416117000,positive,Love Billy Crystal introducing the 1st game of the World Series.
254267206832112000,positive,"Watching When Harry met Sally, how I love that movie!!! A) it's NYC B) it's Billy Crystal and Meg Ryan :) what a perfect start to Friday!"
251034866781671000,positive,Yelawolf is still the best Yelawolf - Billy Crystal Feat Rockcity On screen lyrics:
255833579299414000,negative,[someone] billy cundiff. His missed FG at the end of the 2nd quarter changed the game. He'll never play again
255774409573413000,negative,"""No you may not kick it.""  -Tribe Called Quest answering a text from Billy Cundiff"
261587085977338000,neutral,"[someone] [someone] D, you're the closest source btwn fans & team. BTW heard cards may sign Billy Cundiff. Any truth?! #snarklife"
255758962312487000,neutral,"[someone] MT[someone]: The Baltimore Sun reporting that the Redskins have just Cundiff-ed Billy Cundiff"""
255983114126520000,neutral,If any Baltimore team mascots come up missing 1st person of interest should be Billy Cundiff! Or the Redskins mascot is taken blame him!
256605494481936000,neutral,Look #Steelers fans I know you may be upset about Suisham missing that kick. Just know that I heard a guy named Billy Cundiff is available.
256237809147445000,neutral,The pain is far deeper than a Billy cundiff missed field goal. Gotta wake up and forget about it tomorrow. #Orioles #stayhungry
255429956765639000,neutral,"""per team source the Redskins will bring in some kickers for workouts tomorrow, after Billy Cundiff's poor..."
255732290246816000,positive,Billy Cundiff may be leaving Washington.  Hopefully he won't miss the door on the way out.
258380233827303000,positive,This President talking about growing the economy is like Billy Cundiff explaining to someone how to make a field goal in the 4th quarter.
231779680938766000,neutral,"[someone] Two Birthday Cakes! One with Jelly Beans! I wonder what kind of Birthday Cake the 2nd one was? Goodnight Kina, Emi, and Misa."
220700712261259000,neutral,"According to the radio, Rihanna's Birthday Cake is the official 4th of July anthem. Sounds about right."
223116295250526000,neutral,"Since tomorrow is my birthday & all, I'm gonna listen to every song with  the word birthday in it... Birthday Cake, Birthday Girl..."
226861663951938000,neutral,Tomorrow I get to make a Birthday Cake.
251796938016576000,positive,[someone] just in case you haven't had enough we have plenty of Birthday Cake ready for you tomorrow!
260485400345326000,positive,I still want that Birthday Cake remix that I wanted on Saturday...
247522166663418000,positive,"The Girl with the Birthday Cake on her in the ""Birthday Song"" video.. Can somebody bring her to my house Thursday?"
221050208165958000,positive,"These lil girls singing ""Birthday Cake"" .....girl it was yo 10th birthday the other day smh lol"
254863769396716000,positive,"What better than to enjoy Turkey, Pumpkin Pie and Birthday Cake all on the same day #Monday. Best way to celebrate being legal! #cantwait"
232642085491188000,positive,"""Birthday Cake"" is gonna be the song leading us into 4th quarter, count it."
262628723663192000,negative,[someone] It's almost 2 am in BKK but I can't sleep after the game. It isn't the 1st time we lost cuz of ref.
263295190767370000,negative,"[someone] awww Saturday? how was it?? [someone] you dont even came to my side much in BKK con, i was so upset abt that"
263589560934625000,neutral,"[someone] [someone] since ET went via BKK and has 5th freedom rights (which can load/unload pax), it's a indirect flight."
263574574950670000,neutral,"[someone]  Plz,Transfer money in TOMORROW!!. Because we want to success before SM Town in BKK.we have a big project for minseok ^^"
263525256411640000,neutral,[someone] will you be in Myanmar on Saturday? I work with Tom at Spark PR in BKK. We have an event on Saturday in Yangon with Visa
263144921228263000,neutral,last push! last day of training before the break! then i'm off to BKK on thursday!!
263825437728326000,positive,"[someone]  Hello Marie, Are you stay in Bkk?. May God bless you:-)"
262773238592053000,positive,"[someone] yes, it's doable. I was at BKK from march 1-4 at night then flew to europe on march 5 in the morning."
264233217870156000,positive,[someone] Looking fwd to watching it sometime soon in BKK. :-) have a super friday and weekend ahead! Lotsa love :D
263742390882431000,positive,THANKS TO THOSE WHO CAME DOWN TODAY!! Thanks for the love tonight!! BKK bound now!! See ya party people next wednesday!! #TGIW <3 GHETTO :)
263304497374323000,negative,Im going to be the Black Dahlia tomorrow and no ones going to get it because everyone is stupid.
252113617854546000,neutral,"50 bucks to see Dethklok, Machine Head, All That Remains, and The Black Dahlia Murder. I may just have to go see this show with or witho ..."
253037392292876000,neutral,Bloodbeast returns to the stage with Killatoria and new act Predomination. Join them this Friday at Black Dahlia....
253717454252028000,neutral,Come check out [someone] at the black dahlia on saturday night! It's going to be a party!
256465357336896000,neutral,"OK, who's going to Dethklok, Black Dahlia Murder and All That Remains in Oakland Nov 26?"
263876241046774000,neutral,Polar Dust is hitting Black Dahlia in Boksburg on the 10th of November. Click here for event details:
252727217841398000,positive,[someone] DM me your number and I'll send you a pic of the dress I'm wearing Wednesday. It's perfect for being the Black Dahlia.<3
260961069923721000,positive,[someone] haha Black Dahlia was my favorite song by them too!! I miss you too. Are you still going to miss may I?? :)
253065607736590000,positive,[someone] dethklok is having a tour:) they're coming to Chattanooga Dec 6 with Machine head. Black Dahlia Murder and ATR. I'm going :)
249307712268149000,positive,OMFGOMFGOMFGOMFG The Black Dahlia Murder/Machine Head/Dethklok/All That Remains are gonna be at the Palladium in November! *JOOOOOOOY*
216442580437701000,negative,I just need to chill. Can't wait to unleash some aggression at Black Dahlia Murder tomorrow. #GonnaEndALife
245211658002260000,neutral,"[someone] Presents: DETHKLOK with MACHINE HEAD, ALL THAT REMAINS, and BLACK DAHLIA MURDER! TUESDAY, NOVEMBER 13TH AT THE VENUE AT THE HUB!"
249820498089873000,neutral,"[someone] so excited about Cannibal Corpse, I've seen Devildriver twice but this'll be my 1st time for Corpse. oh and BLACK DAHLIA MURDER!"
247862992224530000,neutral,"Dethklok, All That Remains, Machine Head, Black Dahlia Murder, and the Pacquiao vs Marquez fight this December >>>>>>>>>>>>>>>>>>>>>>>>>>>>>"
246458814767981000,neutral,"Dethklok, All That Remains, Machine Head, and The Black Dahlia Murder at Stage AE November 8th..HIGHLY considering going to that.#heavymetal"
253545040448721000,neutral,"Jamming AA, Miss May I, and Black Dahlia Murder all day #RAGE"
245207337768460000,neutral,"Q98 Presents: DETHKLOK with MACHINE HEAD, ALL THAT REMAINS, and BLACK DAHLIA MURDER! TUESDAY, NOVEMBER 13TH AT..."
246632687710904000,neutral,"So In Flames is coming back in December with Lamb of God, then a couple days later, Dethklok is coming with Black Dahlia Murder #stoked"
222971666609873000,positive,"[someone] I can wear a Black Dahlia Murder shirt one day, and a sun dress the next xD"
245245023883514000,positive,"Dethklok, All That Remains, and Black Dahlia Murder in November? I can dig it!"
262806392929415000,neutral,"#UFO & #Aliens Black Triangle Sighting in Pompano Beach, Florida on October 28th 2012 - basically it blended wit..."
262344808381694000,neutral,"Alternative news: Black Triangle Sighting in Tucson, Arizona on October 20th 2012 - Red circle with triangle cut..."
263326353594663000,neutral,"Black Triangle Sighting in Oranjestad,  on October 11th 2012 - black triangle ufo with resemblance of a stealth ..."
261697954472161000,neutral,"Black Triangle Sighting in Perryton, Texas on October 20th 2012 - Black object that obscured the sky and stars: ..."
263326357633778000,neutral,"UFO Sighting: Black Triangle Sighting in Oranjestad,  on October 11th 2012 - black triangle ufo with resemblance..."
261693801532379000,neutral,"UFO Sighting: Black Triangle Sighting in Perryton, Texas on August 11th 2012 - Dark triangle shape across the sk..."
261697956787401000,neutral,"UFO Sighting: Black Triangle Sighting in Perryton, Texas on October 20th 2012 - Black object that obscured the s..."
262520401773593000,neutral,"Yes, it is us: "" Black Triangle Sighting in Plainfield, Illinois on January 4th 2000 - Large triangle ..."
262806394321904000,neutral,"Yes, it is us: "" Black Triangle Sighting in Pompano Beach, Florida on October 28th 2012 - basically it..."
261944802126483000,positive,"Yes, it is us: "" Black Triangle Sighting in Olmsted Falls, Ohio on October 12th 2012 - Triangular sape..."
109001059682370000,negative,[someone] don't do it!  He won't respect you!  Boehner asks Obama to move speech to Thursday
109016744177320000,negative,"Boehner tells Obama that sorry, the House is all booked up for Sept 7, maybe you can come another day..."
109001185259819000,negative,"Boehner wants Obama to move his speech on Wed to Thurs of nxt week, due to the GOP debate on Wed. No sense of urgency while americans suffer"
109002622928822000,negative,Boehner wants president to change speech to Thurs instead of going against #GOP2012 debate. What? Same time as Packers-Saints #NFL opener?!?
106071742820266000,negative,"DAMN, Someone saved HOLDER from the Earthquake! technically dont know why w/Biden out & Obama always out Boehner is 3rd in line!"
109002873697878000,negative,Boehner wants president to change speech to Thurs instead of going against #GOP2012 debate. What? Same time as Packers ...
109001223956464000,negative,The GOP's greatest crime? [someone]: Boehner proposes Obama speech be on the same night as NFL opening night... 
100668742882705000,neutral,"[someone]-Smoker Beohner ""got 98% of what he wanted.""  Fact: Dow down 634 today and Boehner OWNS every point. #p2 #fok #maddow #teaparty"
108577537071911000,neutral,[someone] Boehner sent a letter? [someone] tweeted yesterday about one from Cantor.
109000977264296000,neutral,Boehner proposes Obama speech be on the same night as NFL opening night... 
109002088780005000,neutral,"Boehner rejects 7th, invites Obama on 8th, NFL opening night. So Obama just has to speak @ WH on 7th to ""save"" football coverage? #doitnow"
109002569942176000,neutral,"If he truly loves his party, Boehner should be doing all he can to schedule Obama's address on the same night as the GOP debate."
109000697319657000,neutral,MT [someone]: Boehner asks Obama to move speech to Thurs
101028289136697000,neutral,RT [someone] These golf balls with Pelosi's face on them allegedly distributed at Boehner fundraiser today.
109001043232305000,neutral,Boehner proposes Obama speech be on the same night as NFL opening night... 
101029173702820000,neutral,RT [someone] Golf balls with Pelosi's face on them allegedly distributed at Boehner fundraiser today.
100880109921239000,positive,"[someone] Nice! Disagreement! Of course, he sat down with Boehner only thi ([someone]"
104032618705715000,positive,Hide in country clubs all U want Boehner! ReverseRobocall.com launching soon & I'm one of 1st in line! Join me. #launch
108155250438967000,neutral,[someone] Good morning Killa! Who's your pick for the Georgia - Boise State game this Saturday?
101483692534411000,neutral,[someone] Yo man [someone] wants you to wear a Dawgs jersey! Boise State jerseys are going out of fashion on September 4th. #UGADAWGSWAG
108126574271926000,neutral,Boise State may make Brandon Boykin's day.
108156619417846000,neutral,Morning paper: Georgia gets ready for the big opener it 'needed.' Boise State looks for a kicker. The Bangles.
102419708455821000,neutral,[someone] will be having a debate whether or not Boise State can win it all! Check out the show today  ...
108262556258402000,neutral,"Damn. Who becomes the 3rd back, Ajayi?  RT [someone] Boise State RB malcolm Johnson tore ACL in practice yesterday."
108200013364085000,neutral,"""We called Boise State & tried to get them to schedule North Carolina on Monday night. They didn't do it"" Mickey Matthe ..."
101755634101404000,neutral,"Our Football Season Preview shows start airing tonight on The Mtn..half-hour, each program..the latest on Boise State ..."
106963409085542000,positive,[someone] yeah I no but on the bright side I just got a letter from Boise State yesterday :)
108216025929089000,positive,Boise State's jerseys for the game Saturday are sick.  You won't be dissapointed.
102191503388054000,positive,"Girl singing the national anthem tonight is a Boise State student. I gave her a ""Go Ducks"" before she went out. Didn't seem to faze her."
108612731321594000,positive,Got 2 letters today! One from Wake Forest University and the other from Boise State :)))
108200058473812000,positive,"I love you all so much. Come join us on Saturday evening for the UGA v. Boise State game. Game is at 8pm, but we..."
106782817962312000,positive,In an ideal world Oregon and Boise State will win Sept 3rd and give power to the PAC NW! #GoDucks
107945681955717000,positive,"The Zags hold a 1-0 lead for 84 minutes to beat Boise State and win the Bronco Invite. Goal by Sarah Rhodes, her 3rd of ..."
107960153126617000,positive,The other night I had a dream UGA beat Boise State. Let's hope it comes true
104530908408840000,negative,[someone] same way as in Bolton are being stubborn and not talking or demanding a stupid fee ? Are you expecting Jim to sign today ?
104470398724350000,negative,[someone] Won't see me :( I'm off to Bolton later today for the weekend. Typical timing as ever!
103913765325652000,negative,Gutted my match is off against Bolton tomorrow! Was well up for it :(
104246220180042000,negative,I wish I was in Bolton tonight :(
101934779318018000,neutral,[someone] Pls RT Bolton Society for Blind People are bringing Vegas to Bolton with a Charity Dinner on 23 Sep
104259213622120000,neutral,[someone] will he be able to perform on a cold summers day at Bolton on Sunday?? Probably...
101934137597903000,neutral,[someone] Pls RT - Bolton Society for Blind People are bringing Vegas to Bolton with a Charity Dinner on 23 Sep
104986035703914000,neutral,[someone] I'm thinking of going tomorrow and then moving onto Bolton from there to get City + Eagles
101935066871103000,neutral,Bolton Society for Blind People are bringing Vegas to Bolton with a Charity Dinner on 23 Sep
104486912525468000,neutral,"Paddy McGuinness on This Morning, continuing to show the old stereotype that broadcasters from Bolton have to shout all the time."
104713384305500000,neutral,"1 more day of work tomorrow then it's Bolton, first away of the season mcmcfmcfcok"
103957750249292000,positive,"[someone] dunno, Sky reporting it tonight, Everton & Bolton also interested according to Twitter search"
105015215661392000,positive,"[someone] Just seen your goals in the 5-2 City win against Bolton in 2003. Need to get them days back man, hope you play tomorrow. Top player."
104141083889508000,positive,At Bolton 6th form college... A Level celebrations for tonight include watching a DVD and staying in with the dog + a bottle of vodka #wild
105000195091202000,positive,Bolton away tomorrow! Hope [someone] gets a game....after his quality pre-season. Up the blues! [someone] <3
104487009413890000,positive,"Gym tonight dependent on how, erm... fresh, my kit is. Otherwise its a pilgrimage to Bolton first, or Saturday morning. Feeling good."
105044210943656000,positive,I reckon the match between Bolton and Man City should be good tomorrow! #footballseason
105029581387465000,positive,"Ironman UK, Bolton highlights on tomorrow: 7.10 am on channel 4, or watch back on 4OD! Hope i can get a sneaky glimpse on it!"
236937024748278000,neutral,"6 agencies, incl. the Bomb Squad, were needed to dispose of hazardous waste at E. 10th St/Post Rd."
223512766928011000,neutral,Its Thursdayyyyy so it's ladies night [someone] come out and get your thirsty Thursday on with the Bomb Squad!!!!
246320883503866000,neutral,"Last, U-School HC said the next member of the Bomb Squad will be 9th grader Sam Bruce, nephew of Isaac Bruce #2016Prospect [someone]"
222808037637898000,neutral,"Well, monsoon coming in from the North and the Bomb Squad down in Midtown on the 15th. Time to go."
260566368259293000,positive,Bomb Squad bake sale Thursday the 25th !!! Don't miss out.
212483626531684000,positive,"Excitement and danger #Estatesales. Found old WWII shells, not inert!  Spent time with Bomb Squad!  How is that for a Monday?"
252046986713387000,positive,Good morning Bomb Squad family! I hope you all have a lovely Saturday!
211638423684002000,positive,"Gumby may be the answer to our forward woes. The Bomb Squad never stop believing, and we never stop believing in Gumby. #releasethegumby"
220597931839996000,positive,Happy 4th from the Bomb Squad!
248616610619875000,positive,ok Im off twitter for the night til tomorrow Bomb Squad enjoy ur night love you much!
213762666974560000,neutral,"Brit Award winning pop-star Mika is set to return with his brand new album The Origin of Love, released on Island Records on September 16."
253932133037523000,neutral,So [someone] will be in the [someone] London studio tomorrow morning. Hope no one mentions Harry's Brit Award error
196727601824412000,positive,"#1DFacts On the 21st of February 2012, at 8:39pm on Table 74, One Direction lifted their first ever Brit Award for Best British Single"
245933960461419000,positive,"[someone] [someone] she's alright, she'll win the Brit Award for best female if she breaks wind between now and May."
218984931102163000,positive,I just realized that the boys won their Brit Award on my birthday February 21 then I was like partying that time they recieved it!#BESTGIFTx
227386894655316000,positive,"Look how far they've come since July 23rd 2010. They have a smash album, Brit Award, and the even beat out Justin Bieber for a TCA."
237943051551658000,positive,Our SE member the Alresford Community Choir to share the stage with Brit Award winning [someone] on Sep 15 [someone]. How exciting!
199094694502875000,positive,Scoop! Elmbridge Choir performing with Brit Award classic boy-band BLAKE on May 24th at Epsom Playhouse! Yoohoo how cool is that!
249099760936559000,positive,"Three times Grammy nominated, Brit Award nominee and Ivor Novella winner Joan Armatrading takes to the stage on Sunday!"
250972603244761000,positive,"We're in the studio working on the new album and it sounds EPIC. We may as well pick up our Brit Award now, tbh."
237887124450464000,neutral,5 Times Oscar winner John Williams will receive a lifetime achievement award at the Classical Brit Awards on October 2 at Royal Albert Hall
256746460417249000,neutral,[someone] Russell u beat me 2 it lol I was gonna tweet about the Classical Brit Awards being on this Sunday xxxxxxx
254939280487637000,neutral,Don't Forget The Classical Brit Awards At 10pm tonight for a Special appearance of the 25th anniversary Cast of Phantom for 26th Bday??
242556006553510000,neutral,"Laura Wright, Gareth Malone, Noah Stewart and Margherita Taylor attend the Classic BRIT Awards launch, September 6"
242555414376497000,neutral,"Laura Wright, Gareth Malone, Noah Stewart and Margherita Taylor attend the Classic BRIT Awards, September 6"
253237627107557000,neutral,OMG!!! Ramin and Sierra performing Phantom of the opera at the classical brit awards televised on sunday ITV at 10.30pm!!!! :D
242843744049693000,positive,"[someone] Haha, I hardly knew about them and one day I was at her house and she sat me down and made me watch the Brit Awards with her :)"
254522959409074000,positive,It makes me feel so gay that I just set the classical Brit awards to record tomorrow haha oh dear
253625693290766000,positive,So glad that the Classical Brit Awards are on ITV 1 on Sunday have set the record button just in case I forget to watch.
262006730223927000,negative,"this nigga [someone] just hit a full court one handed shot with brook lopez...smh, 21st birthday shit"
257981207768359000,neutral,[someone] 1st game in brooklyn and i want to see brook lopez
257279110974427000,neutral,"Brook Lopez gets a short shot +1, #brooklynnets lead 71-56 w/ 4:20 to play in the 3rd quarter. #hellobrooklyn"
257271378288452000,neutral,"Brook Lopez scored 9 points in the 2nd quarter and was featured by #Nets. Joe Johnson was absent, but should play in 2nd half. #Nets #NBA"
258009553180975000,neutral,Brook Lopez with a Double Double in the 3rd #NetsNation
258015550997942000,neutral,Dont look now but: Brook Lopez had 19 pts & 9 rebs (28mins) in 1st game back from foot injury over weekend. 18 & 11 (25 mins) tonight.
259462275512037000,neutral,"Imma need Brook Lopez to get more aggressive on the boards. 7 feet tall, c'mon son"
263440787101065000,positive,[someone] [someone] AV has 11 offensive rebounds with 4 minutes left in the 3rd. That's a good month for Brook Lopez.
261274407757021000,positive,Brook Lopez the 2nd best offensive center in the NBA he not ass
257343426083836000,positive,son if deandre learned anything more than dunking.he could be the 3rd best center in the league. brook lopez's rebound numbers hold him back
254602446389789000,negative,[someone] watching Cannavaro on the 2nd even more embarrassing.
156452586218717000,negative,"Although there was that one time he finished 3rd and Cannavaro finished 1st. Yes, Fabio Cannavaro. Bullshit."
201663280140386000,negative,But this is not the 1st time that Juventus is maximizing the potentials of ex-Milan players..Cannavaro and Edgar Davids are similar cases
226414201890026000,neutral,"[someone] tomorrow fc toronto vs liverpool? Are you go at stadium? Today napoli won 3 a 2 vs bayern !! Scored: Pandev,Cannavaro,insigne!"
210443076760642000,neutral,[someone] that year is to be unspoken of. Remember those rubber bracelets too? I may or may not have a dog tag with Cannavaro on it....
171857139483165000,neutral,"Drogba(as reports suggest he is preferred to start), If Cannavaro has anything close to the game he had on friday then he takes this."
245597031127728000,neutral,"This is Buffon's 122nd cap for Italy, now just 4 behind Maldini in 2nd and 14 behind the leader, Cannavaro. #Legend"
205977784420540000,neutral,"""For the 1st time since 1978 Italy will travel to a major tournament without Franco Baresi, Paolo Maldini or Cannavaro"" via [someone]"
218766655705190000,positive,"[someone] and he hasn't lost a match since Apr 2nd last year, that's consistent, and never forgetting Cannavaro, the 1st defender to win it"
250219930623037000,positive,"[someone] Just saw u with Cannavaro, didn't know u were here in Italy! Congratz for being the 2nd best in the world!!! #Legend"
236977037355668000,negative,[someone] [someone] 3rd??! :O where have I been I thought Careless World was the 1st one. No?
188857697985249000,negative,"Careless World tour hit up 8 places in Cali. Haha the fuck, yoo."
199683222207070000,neutral,"1st episode of Careless World TV from Europe is on Facebook, make sure to give it a ""like"" -"
210090360670663000,neutral,[someone] I do remember. It was like leaked at 1st so he made a new one for Careless World
261645729402077000,neutral,[someone] Ay you gone release the HotelCalifornia in feb like you did with  Careless World ?
189939715154256000,neutral,Careless World is the album of the year by [someone]
195299631553450000,neutral,"Tyga's Careless World moving down five spots to No. 48 with 8,300. Headed into his 10th week, the YMCB rapper's LP has sold 199,400 records."
199699072611914000,neutral,"on my YM shit right now. just finished listening to I Am Not A Human Being. now going onto Pink Friday. after this, hello Careless World."
229454724141834000,positive,"[someone] Yo, I followed you, I`m interested in having the un-tagged 2nd Verse for Careless World."
199956480676463000,positive,Been listening to Careless World - Rise of the King  Cannot wait for the 23rd  #rackcitybitch  [someone]  [someone]
262842514208338000,negative,[someone] we dont care about Carling Cup! Save it for #Looserpool! Yeah we lose also i wont be crying all night long on wednesday night!
263368741230883000,negative,"Don't think Chelsea should appeal for Torres' red card. Let Sturridge play tomorrow. It's the Carling Cup, not PL."
262882510378254000,neutral,Carling Cup on Wednesday. No extra time please.  Have to play more england internationals and give the kids a rest. #lfc #stillinthehat
263382091440464000,neutral,"In the Carling Cup previously, Arsenal played their 2nd string, but even then you could count on Bendtner / Vela to grab a few goals #nb52"
263982937924588000,neutral,"Liverpool, CHAMPIONS of the Carling Cup last season, now KICKED OUT in just the 3rd round of the competition 3-1 by SWANSEA at ANFIELD."
264155387396252000,positive,"[someone] Bren-field mate, we where joint 2nd, they where bottom. They celebrated like they'd just won the Carling Cup!"
263726997581218000,positive,Another #Chelsea vs #ManchesterUnited today for the 4th round of the Carling Cup!! Don't miss out
263771423749853000,positive,Have had two very enjoyable nights of Carling Cup action with Arsenal last night and CFC this. Will QPR v Reading on Sunday live up to it..?
263602394506613000,positive,The BBC are asking if last night's Carling Cup 4th round tie between Reading and Arsenal was the greatest cup tie of all time. Honestly.
198487996700439000,negative,"[someone] I hate to say it but I think it'll go to penalties tomorrow. I just have that feeling, like I had before the Carling Cup Final"
225998566898942000,neutral,[someone] Because I went to my 1st match when I was 4? My last match was the Carling Cup Final. #DDLiverpool  
239523127317635000,neutral,[someone] 2 FA Cup SF's Carling Cup Final lost on pens he may not have been a true leader but he certainly took us places we ain't been.
246358852092695000,neutral,"[someone] ""these birds dont buy the sun"" banner at the Carling Cup Final for Mikey Dye & the LFC96 #DontBuyTheSun"
246357970089288000,neutral,[someone] 'These birds dont buy the sun' banner at the Carling Cup Final for Mikey Dye and the 96 #DontBuyTheSun
181326603744326000,neutral,"[someone] They launched the day of the Carling Cup Final, did you not see the Dont Buy The Sun posters? #DontBuyTheSunANYDAY #JFT96"
241664946692297000,neutral,[someone] [someone] they will have the last laugh when we get to the Carling Cup Final.. result may vary.
196229901664268000,positive,"6th...playoffs and a Carling Cup Final!! Malky Mackay, I literally love you!! #whataseason"
210318502370886000,positive,[someone] [someone] [someone] Has to be the hat-trick against ManU....and in a very close 2nd the Carling Cup Final goal :o)
172649481869869000,positive,"[someone] Hope you are fit for sunday, 3pts against Arsenal, better than watching the Carling Cup Final"
248431915789611000,neutral,#FLEXTHURSDAY !! DIS THURSDAY!!!!!wit [someone] [someone] CROWS NEST WE CALLN OUT DA WHOL SOUF KUM KICK it Wit #PINKCITY!!!!!!!
248637158435459000,neutral,#FLEXTHURSDAY !! DIS THURSDAY!!!!!wit [someone] [someone] CROWS NEST WE CALLN OUT DA WHOL SOUF KUM KICK it Wit #PINKCITY!..
248637259224580000,neutral,"#FLEXTHURSDAY !! DIS THURSDAY!!!!!wit [someone] [someone] CROWS NEST WE CALLN OUT DA WHOL SOUF KUM KICK it Wit #PINKCITY!,:-)"
248458775760085000,neutral,[someone] #FLEXTHURSDAY !! DIS THURSDAY!!!!!wit [someone] [someone] CROWS NEST WE CALLN OUT DA WHOL SOUF KUM KICK it Wit #Flex
251558552689340000,neutral,Burger & Blonde Friday today [someone] Crows Nest $2.00 Pure Blonde with any burger purchase!
259201489225015000,neutral,Heading to Crows Nest on Sunday to cover Ray White's celebrations for 110 years in the business of real estate.
255087818890703000,neutral,This song says everything about a break up ...Rope To Hang by Neil McSweeney: Dir. Sat Johal of Crows Nest Films
259175928662475000,neutral,Will be at Manly Market & Mittagong on Saturday. Crows Nest  Fair and Kiama Market Sunday.  Hope to see you there
264079978092691000,positive,"Hung out with my housemate more (she's awesome!), went to Crows Nest festival, celebrated my dogs 5th birthday (love you Diesel Bean!) ..."
254063040033616000,positive,"They say you are what you eat, but it's Friday and I don't care! #TGIF (@ Ogalo Crows Nest)"
255725969476821000,negative,[someone] If Cundiff is still the kicker come Sunday I'm starting a riot.
257206947684704000,negative,WVU goes for it on every 4th down. Is our kicker worst than Cundiff?
256984347935142000,neutral,"#Nationals 9th Inning had that ""4th Quarter #Redskins"" feel, didn't it?  Coulda swore I saw Cundiff shank one from the mound."
255480934617477000,neutral,"[someone]""Van full of veteran kickers due into #Redskins Park tomorrow. No word on whether it will run over Cundiff."" Watch it go wide Rt."
255771096744346000,neutral,"Cundiff got released. I think he's outta the league now, especially if that quote on the TL this past Sunday was real"
256609527783359000,neutral,"Dirty Jim had to close that one out. If not, he may have started hearing comparisons to Cundiff in this town."
255696814286729000,neutral,"If Cundiff would've made the Field Goal Sunday, I could've been eatin' a free 6in sub at Subway for lunch!"
255728330224050000,positive,"[someone] I know thats what Im saying lol Tucker straight outkicked Cundiff in camp, I'm glad he's gone. Didnt he miss one in the 4th qtr?"
256464266952069000,positive,Rg is cleared for the Vikings game Sunday #goodmood   p.s. thank God we got rid of Cuntsniff or is it Cundiff?
260062468213182000,positive,oh shit Ray Lewis may be able to come back. hopefully young cause if you ask me Ravens would have won the Superbpwl if it wasn't for Cundiff
264190661601939000,negative,[someone] why there so much easier I'm pretty sure tomorrow is the Cupid shuffle tho ... I hate that
263527525819503000,negative,Cupid did so much work da 1st time that he don't wanna be my friend no more
260157871617106000,neutral,"After reviewing my texts/pictures from Thurs-Sat, I'm thinking that alcohol is the liquid form of Cupid. I fall in love every weekend. #oops"
260787675873825000,neutral,Cupid and Psyche isn't an original Greek myth. It was a story in The Golden Ass by Apuleius and often cited as the 1st Fairy Tale.
262830233332376000,neutral,Sick Beard: Download Finished: 3rd Rock from the Sun - 5x11 - Dick Puts the 'ID' in Cupid
263194482034496000,neutral,"""someone's hitman"" sure you are. you may be a hitman but dude, you just got pwned by Cupid cos he hit you real hard, man."
261326581774041000,positive,[someone] hahaha shut up Cupid! Yeah hopefully it does go good and Saturday and every other day!
260493482815287000,positive,[someone] rumour has it Cupid has you on a piece of string ! Friday not sure Saturday rumours are funky town in gants hill the big V
261545687106322000,positive,"Remember Cupid at Convo last year with the bomb candy bar?? If you liked that, you'll LOVE next Tuesday's Tr"
263549121804255000,positive,"""[someone]: Cupid doesn't lie but you won't know unless you give it a try"" wwooww.may pinaghuhugutan!"
118152301532824000,negative,Aw what the hell Curtis Painter coming in and we give up 3rd and 18 conversion.
118152182263587000,negative,Curtis Painter's finally going to get a shot tonight.  I can't help but root for that guy!
118287761257153000,negative,Curtis painter did the curtis Painter last night... a fumble and one walk-in td overthrown by 8 yards.
118167524167782000,negative,Lmao Curtis painter looks like the kind of guy who would try to buy beer on Sunday. #scumbag
111483585390854000,negative,"Peyton Manning ......... NOOOOOOOOOOOOOOOOOOOO!!! If Curtis Painter is starting on Sunday, I am going to lose my shit."
118151992605557000,neutral,Colts Backup QB Curtis Painter warming up. This could be it for Kerry Collins who may have a concussion. #NFL #Colts
119841676968722000,neutral,Colts to start Painter at QB on Monday vs. Bucs - Curtis Painter will make his first NFL start at quarterback for th... LLLINKKK
118482876625990000,neutral,Curtis Painter was asked in interviews today if as the lead singer of Nirvana was getting the band back together.
119268781557162000,neutral,I've got a blog post coming up tomorrow. Topic? It's time to learn once and for all what Curtis Painter's got. Start the man. #Colts
112942998647620000,neutral,"In 14 minutes of Kerry Collins, the #Colts are down 17. Let's give Curtis Painter a shot in the 2nd quarter. Why not?"
118167512838980000,neutral,"It's going to be a somber set tonight for Curtis Painter's Nickelback cover band, Something In Your Mouth."
118152030320734000,positive,Curtis Painter...we have a chance again! Can't believe Kerry Collins didn't throw us a pick-six tonight
118152268834030000,positive,It looks like the Curtis Painter era of Colts may begin tonight!
112942221946405000,positive,Kerry Collins may look like an old mouse... and hold on to the ball like one... but is a Curtis Painter experiment REALLY that much better?
118167201797775000,positive,"Curtis Painter is totally going to get lucky tonight, probably with another girl that looks just like him"
118166757763584000,positive,The takeaway from tonight's game: the Colts' run defense was HUGE. And Curtis Painter rightfully owes us all (us especially) a big finger.
118362498155028000,positive,This may be a fact!! RT [someone] Curtis painter will help the colts win their first game! U heard it here first!!!
192143918392025000,neutral,Check out all of Monday's highlights in 2:19 with the Daily Zap:
192143918392025000,neutral,Check out all of Monday's highlights in 2:19 with the Daily Zap:
209167165633475000,neutral,Daily Zap OKC vs SAN June 2nd 2012:   Daily Zap OKC vs SAN June 2nd 2012  Check tonight's e...
187457349441696000,neutral,Daily Zap: April 3rd:   Daily Zap: April 3rd  Check out a whip around the league for all the highlights from ton...
256279185079812000,neutral,NBA Video - The Daily Zap: All the action from Wednesday's six pack can be found right here in the Daily Zap.
263626522752066000,neutral,"The [someone], [someone] & [someone] tip-off the season with Ws Tuesday night."
256294300894233000,neutral,The Daily Zap - All the action from Wednesday's six pack can be found right here in the Daily Zap.
256279186614927000,neutral,The Daily Zap: All the action from Wednesday's six pack can be found right here in the Daily Zap.
258098520014344000,neutral,The Daily Zap: Catch highlights from Monday's action in the NBA.
256632683621397000,neutral,The Daily Zap: Catch highlights from Thursday's action in the NBA.
100031777384567000,negative,Stuck in the Dallas airport until 11:20... On a Saturday night #gettincrazy #getmehome
100016351015477000,neutral,[someone] even sxsw last yr he was there the 1st 2 days and went to Dallas the day stump was there
100004394355012000,neutral,"[someone] whoaa , well during the breaks i bee in dallas , so i might visit you in November , December , March , & thee Summer ."
100047699386188000,neutral,"[someone] o ok, well i'm not coming back to dallas tonight"
100003164631208000,neutral,[someone] r yall going to be in dallas friday & saturday?
100047792348742000,neutral,"[someone] Yes, the Dallas event did. Remind me to send you a link tomorrow. It was on 10:00 news too. Our Ft Worth event had none tho."
100002743019770000,neutral,Trying to go out tonight!!! Where is there to go out here in Dallas????
100018657404518000,positive,Dallas!!! Are you ready to come have a great night with us?! We can't wait to blow the roof off with you!
100031826797670000,positive,Good luck and have fun! I'm think about ya'll in Dallas today. [someone] [someone] #Fight #Alzheimers
100047657380221000,positive,Hope [someone]  lives it up tonight.. love you mama.. Will visit Dallas soon :))
100017575899050000,positive,[someone] tonight! Come see me and the hottest gogo boys in Dallas!! [someone] [someone]
100032812601717000,positive,Reminds me of the best night of my life. 9am in dallas
100019348588077000,positive,Win or lose I think most Dallas fans would agree it's just great to play in games as big as this one tonight again after yrs of mediocrity.
100019165590598000,positive,Yep and that might b my move in Dallas tonight True! Tht would b fun.. [someone]
253923432746598000,negative,"And the new season opener is against the Dallas Stars on Thursday, Oct 25. You probably shouldn't buy tickets yet. Call me cynical."
261069534147002000,negative,D.J. King Suffered broken right hand in fight with Krys Barch Oct 24 2009 stlblues vs Dallas Stars; missed 3+ months
253799134287499000,negative,"Tonight, Obama was the Buffalo Sabres and Mitt was the Dallas Stars. It may not seem right..."
260802256637669000,neutral,[someone] did i read the barons schedule right when it said we play the dallas stars at home on sunday?
253164344601367000,neutral,Dallas Stars forward Jamie Benn has signed with the Hamburg Freezers in Germany. He could make his debut against Mannheim on Friday.
264082281575096000,neutral,Get your ticket for a Detroit Red Wings Bus Trip on March 22nd against the Dallas Stars.
253687315241779000,neutral,"Tonight, Obama was the Buffalo Sabres and Mitt was the Dallas Stars. It may not seem right to the Sabres fans, but Dallas still won."
253767927311004000,neutral,"Tonight, Obama was the Buffalo Sabres and Mitt was the Dallas Stars. It may not seem right to..."
256882077956452000,positive,FLASHBACK FRIDAY:The Dallas Stars settle victoriously in to their new digs at the AAC. WATCH: First Game
260038446981214000,positive,i wish the nhl and nhlpa to come to an agreement so i can go to dallas to see my dallas stars in march
261315391794598000,neutral,[someone] do you like [someone]? Presale is tomorrow for Jan 31st show at DAR Constitution Hall.
253593434428944000,neutral,Anybody want some Dispatch tickets. They are playing next Thursday (Oct 11( at DAR Constitution Hall with Good...
240667419671151000,neutral,"Going to see Estelle - Sat 9/15 in Washington, DC at DAR Constitution Hall! Check out the tour dates here - "
239184804149617000,neutral,"I'm going to Anthony Hamilton at DAR Constitution Hall in Washington, DC - Sep 15"
215167745426334000,neutral,July 8th... It's goin down at DAR Constitution Hall... I'm gonna make this last part rhyme... MB Y'ALL!!!!!
248549036922122000,neutral,"November 3rd-Norfolk, VA-NorVa Theatre (NAS ONLY)November 4th-Washington,DC - DAR Constitution Hall......for you concert seekers out there !"
210153392989942000,neutral,Who would go see [someone] with me at DAR Constitution Hall on sunday evening?
220333731842499000,neutral,think ima go to Nicki Concert @ the DAR Constitution Hall on the 21st.. 2 chainz gonna be dere
221846131695563000,positive,[someone]        Hey mindless behavior I was at ur concert on saturday at the DAR Constitution Hall. great p
263302077059576000,positive,"Shaquille O'Neal All-Star comedy jam @ DAR Constitution Hall Sat. 8pm Nov 3, 2012 Washington DC.. Looks like it will be a great show!!"
263776477978456000,negative,"[someone] [someone] will NEVER but the sun Jo, never!  EVEN - for a guaranteed date with Dave Grohl!!! Even then!!!"
256380364044505000,neutral,[someone] I have snuck into the Sunday night VIP party at ACL.. Got to meet Dave Grohl and party open bar style
256767050364633000,neutral,Guy sat opposite me on the train is the spit of Dave Grohl
260149911914414000,neutral,I'll let Killing Joke deal with my Sunday night blues instead. That's Dave Grohl on drums too.
255038229949071000,neutral,Queens of the Stone Age & Dave Grohl sat on the stool - Regular John from Glastonbury during the Song For The Deaf tour
254915097972072000,neutral,Queens of the Stone Age's Regular John from Glastonbury during the Song For The Deaf tour & Dave Grohl sat on the stool
259351220685263000,positive,[someone] my older brother is going to see Tenacious D on Sunday and Dave Grohl is going to be playing the drums there!!!!!!!
262957009274556000,positive,"February Stars, 15 years old and still one of the best songs Dave Grohl has ever written. #fact"
259283614867526000,positive,Fun fact in 7th grade i thought dave grohl and eddie vedder were the same person
258165671001731000,positive,Sat here on my birthday listening to [someone] - would be great to get a shout out from you guys - Dave Grohl = Legend!!!
225644551975612000,neutral,"[someone] David Taylor?  A few yrs ago, whn he 1st came 2 stl, he went by apostle. My hubs used 2 play for his services."
257220544880071000,neutral,[someone] Plz give the fans a treat and start trash talking David Taylor. Really heat things up b4 what may be the Match of the Century!
233970693879001000,neutral,"[someone] come see [someone], [someone], [someone], and David Taylor at PivoPivo with me next Saturday"
240284747790688000,neutral,"Brand new updated logo, edited by David Taylor the new Executive Producer of ROC-TV. First introduction video will be up tomorrow!"
243710849544487000,neutral,Check out some live jazz music from David Taylor and Tom Ogunribido today from 12-2pm in the LPC Student Center 2nd floor dining area!
220073792783913000,neutral,"""I don't know of a rule that could stop QLD playing David Taylor"" - the NRL to us on if QLD can play Taylor tomorrow in #Origin3"
220074049089442000,neutral,"""I don't know of a rule that could stop QLD playing David Taylor"" - the NRL to us on if QLD can play Taylor tomorrow in #Origin3 #nrl"
244353327679291000,neutral,'Clockwinder-who wouldn't say no'. Launch at the Commons on Tuesday. The biog of the late David Taylor is the untold story of a virtuous MP.
236560243843277000,positive,"[someone]  come with me, and you will see [someone], [someone], [someone], and David Taylor at PivoPivo tomorrow night"
251763069129200000,positive,[someone] Hey there David Taylor. Nice to have you along sir. How is your Friday? #mushroomfm
228770650041487000,negative,[someone] I was like Shy Glizzy bouta be up at DC Star Saturday and he said Nigga no im not
241061810189529000,neutral,[someone] French Montana Live @ DC Star this Saturday #LaborDayWkend S/o [someone] [someone] check it out >>
241061609223619000,neutral,[someone] French Montana Live @ DC Star this Saturday #LaborDayWkend S/o [someone] check it out >>
256032456820527000,neutral,Beenie Man will be performing at Echostage (DC Star) next friday for the HU Yardfest Afterparty (18+ event) contact [someone] for tickets
241062851198984000,neutral,French Montana Live @ DC Star this Saturday #LaborDayWkend S/o [someone] [someone] check it out >> 
241684194621809000,neutral,"""[someone]: DMV I will be Performing LIVE @ DC Star this Saturday w/ Big and the Band shout to Sunshine + Bennyt"""
241588497042010000,positive,DMV I will be Performing LIVE @ DC Star this Saturday w/ Big and the Band shout to Sunshine + Bennyt
239811565937898000,positive,I Will Be Performing at the DC Star on September 1st Hope Yall Can Come Thru!
226870025078850000,positive,LiiiiiiiiiiiiiiiiiiiiiiiiiiiiiiiiiiSTOOoOoO pa RompER DC STAR nightclub 4 the 1st time SINCE 08 !!! ToY Readyy ! #dmvsofficialhost
235223841209737000,positive,My 2nd time seeing [someone] was wen me Kiaya n Chante went to the DC Star we stood in line @ 330pm n they open the club doors at 12am lol
263087341399327000,negative,[someone] YUP. And did you watch Degrassi from friday yet? looool awkward campbell
262476594222883000,negative,I still didn't watch Degrassi from Friday? What am I doing with my life? Apparently not much.
263122113706201000,neutral,I think every Friday im going to tweet: yay degrassi tonight. #getusedtoit
263063232695112000,neutral,People that are like 3rd year seniors << It's about time you move on w/ high school. This is not Degrassi where you're the same age forever
262383689839833000,neutral,"pretty little liarssss timeee, because i missed the premier on tuesday :3 then degrassi, then jshore... WOO for being occupied"
262791989945332000,neutral,was sat watching Degrassi then came to the realisation that Little Things will be aired in a while.
264133077436101000,positive,"[someone] he's been my lover since 7th grade, Degrassi days!!"
264175553316282000,positive,"[someone] Going to the Holy Land (Canada) tomorrow. If I'm lucky, I'll meet some of the Degrassi gang. Well, in my dreams :P."
262442167388209000,positive,"but rest assures I am watching Degrassi, and loving it may i add. (;"
262385572188926000,positive,i just saw degrassi cause i missed id on friday [someone] your so cute !
96679152068988900,negative,[someone] Democrats will quickly implode and concede.  Obama will either veto the Boehner bill or invoke the 14th Amend...then IMPEACH!
94232811652915200,negative,Democrats call on Lt. Gov. Ard to resign: Democrats called Thursday for the immediate resignation of Lt. G...
91030346635808800,negative,Fake Democrats lose in Wisconsin primary recalls All six fake Democrats lost to Democrats supported by the party in primaries Tuesday that
96908119757697000,negative,Once again Democrats spent all night and this morning trying to talk down the stock market...whatever happens there can be no blank check!
91339414764126200,negative,RE: [someone] What the heck was obama doing for the 1st 2 years when Democrats controlled everything?!!!
97769590960033800,negative,"I think it's time to start calling the Democrats offices, demand they use the 14th now, don't cave to Nut Jobs."
91687000574394400,neutral,Democrats defeat Republicans 8-2 in Congressional baseball game tonight.
104908489066947000,neutral,Foreign Minister Surapong to file complaint against Democrats with police on Mon at 3pm
94432853198258200,neutral,"The mantra from Republicans to Democrats today is, 'if you don't like our plan, then where is your plan"
94416366928543700,neutral,"The mantra from Republicans to Democrats today is, 'if you don't like our plan, then where is your plan""The mantra from Republicans t..."
91230278244237300,positive,"All of the ""real"" Democrats won their respective races & will move on 2 face the 6 recalled Republican state senators on August 9 #YesWeCan"
96619333626769400,positive,Today *very* rare day when Democrats will get healthier on their Club for Growth scorecards than most Republicans.
96619147974291500,positive,Today *very* rare day when Democrats will get healthier on their Club for Growth scorecards than most Republicans.
93497043615629300,positive,"Well the cool thing with Democrats in power, DOMA is getting reviewed on the 20th."
188482913174688000,neutral,"Angelito casts and PBBUnlimited BIG4 with Kevin, Divine, Deniesse and Ryan are guests tomorrow night sa kick off. - adm. [someone]"
194634714240393000,neutral,"Mallshow with the #PBBUnlimited BIG 4 + Wendy, Divine, Deniesse at Pacific Mall Legaspi Landco Plaza, April 30, 6pm! Kitakits, Taongbayan :)"
194634971951018000,neutral,"UPDATE: Mallshow with the #PBBUnlimited BIG 4 + Wendy, Divine, Deniesse at Pacific Mall Legaspi Landco Plaza, April 30, 6pm! -- adminKIM"
195829912425341000,neutral,"Watch out for [someone] together with Divine, Deniesse and the BIG4 at the Pacific Mall Legazpi Landco Plaza on April 30, 6pm."
183753162899997000,positive,"=) ""[someone]: I get LOVESTRUCK with Deniesse and Slater. Swear. They look cute. Plus I can relate to Deniesse pacute to her crush, Slater"""
194636321149559000,positive,"[someone]: Mallshow with the #PBBUnlimited BIG 4 + Wendy, Divine, Deniesse at Pacific Mall Legaspi Landco Plaza, April 30, 6pm! :)"
208158501451743000,positive,[someone] Happy 4th Monthsary SlaNiesse!! ;) Wishing you guys more more months and years together. Stay strong for Slater and Deniesse! ;)
188629184011190000,positive,"Big 4 with Kevin, Deniesse, Devine, and Ryan sa kick off ng PBB Teen Edition 4 on Sunday, April 8 at 9pm.#excitedmuch!!!#BiggelonTV"
206053011410272000,positive,"Happy 3rd Monthsary #Loverss! :) Salamat sa pag support ky Ate [someone] :) All for Deniesse, All for the Love."
205900257429692000,positive,"till June 5 nalang ang botohan! So make sure you vote Deniesse, Wendy, Jazz and Divine on FHM 100 sexiest! :) #THV'sPride!"
264228066614723000,negative,[someone] smh I'm just waiting on the black ppl to cuss me out tomorrow about Denzel lol NIGGAS!!!
264243350260027000,negative,Think imma go see Flight tomorrow.. Denzel's the shit
264257335659201000,neutral,I want to go watch Denzel's new movie tomorrow! Someone take meeeeeeeeeee.
264178691364495000,positive,7:15pm tomorrow night I have a date with Denzel! #Flight I can't wait!
264210601952281000,positive,[someone] it's out already?  Thought it was tomorrow? Denzel is the best EVER. Movie looks amazing.
264204267370451000,positive,"Cant wait to see ""Flight"" on Saturday, Denzel is one of the best actors in the world alongside Leo and De Niro"
264184542305346000,positive,Gotta go see Flight tomorrow Denzel is the greatest actor ever
264243526005576000,positive,Hey I wanna see Flight tomorrow with Denzel ol fine self.
264191631325020000,positive,That movie Flight with Denzel looks really good! May have to go check it out
264204783974490000,positive,"""[someone]: Mane I gotta see that Denzel movie tomorrow! Shit look like its gone be a good one""ditto. Im going to try to go tomorrow"
